{
  "ensemble_forecast": 100.0234185680747,
  "value": 100.0234185680747,
  "forecast_id": "unknown"
}