{
  "turn": 0,
  "sim_id": "6ed8895a-c4c7-4b4c-85a9-acaaa9231143",
  "timestamp": "2025-04-28T07:42:43.997274",
  "overlays": {
    "hope": 0.5,
    "despair": 0.5,
    "rage": 0.5,
    "fatigue": 0.5,
    "trust": 0.5
  },
  "capital": {
    "nvda": 0.0,
    "msft": 0.0,
    "ibit": 0.0,
    "spy": 0.0,
    "cash": 100000.0
  },
  "variables": {
    "spx_close": 5525.2099609375
  },
  "event_count": 0,
  "metadata": {}
}