{
  "turn": 0,
  "sim_id": "a29a3f3b-0c67-45de-b94a-f9cc7724e306",
  "timestamp": "2025-04-28T07:42:43.997746",
  "overlays": {
    "hope": 0.5,
    "despair": 0.5,
    "rage": 0.5,
    "fatigue": 0.5,
    "trust": 0.5
  },
  "capital": {
    "nvda": 0.0,
    "msft": 0.0,
    "ibit": 0.0,
    "spy": 0.0,
    "cash": 100000.0
  },
  "variables": {
    "vix_close": 24.84000015258789
  },
  "event_count": 0,
  "metadata": {}
}