{
  "trace_id": "445b34bb-de3b-4240-8a6a-f7fc6f6bb169",
  "input": {
    "state": {
      "turn": 4,
      "sim_id": "7b6787f4-66fd-4752-8798-276d3cc47382",
      "timestamp": "2025-04-28T00:36:31.576226",
      "overlays": {
        "hope": 0.45999999999999996,
        "despair": 0.45999999999999996,
        "rage": 0.45999999999999996,
        "fatigue": 0.45999999999999996,
        "trust": 0.45999999999999996
      },
      "capital": {
        "nvda": 0.0,
        "msft": 0.0,
        "ibit": 0.0,
        "spy": 0.0,
        "cash": 100000.0
      },
      "variables": {},
      "event_count": 92,
      "metadata": {}
    },
    "decay_rate": 0.01,
    "rule_fn": "<lambda>"
  },
  "output": {
    "overlays": {
      "hope": 0.45999999999999996,
      "despair": 0.45999999999999996,
      "rage": 0.45999999999999996,
      "fatigue": 0.45999999999999996,
      "trust": 0.45999999999999996
    },
    "variables": {},
    "trust": null,
    "forks": []
  }
}