{
  "trace_id": "69d55d3f-2d13-4de4-bdf5-151a53c73e7c",
  "input": {
    "state": {
      "turn": 9,
      "sim_id": "2dad7aa4-1384-4980-9f7a-e8761c9232f5",
      "timestamp": "2025-04-24T23:58:10.980068",
      "overlays": {
        "hope": 0.4099999999999999,
        "despair": 0.4099999999999999,
        "rage": 0.4099999999999999,
        "fatigue": 0.4099999999999999,
        "trust": 0.4099999999999999
      },
      "capital": {
        "nvda": 0.0,
        "msft": 0.0,
        "ibit": 0.0,
        "spy": 0.0,
        "cash": 100000.0
      },
      "variables": {},
      "event_count": 207,
      "metadata": {}
    },
    "decay_rate": 0.01,
    "rule_fn": "apply_causal_rules"
  },
  "output": {
    "overlays": {
      "hope": 0.4099999999999999,
      "despair": 0.4099999999999999,
      "rage": 0.4099999999999999,
      "fatigue": 0.4099999999999999,
      "trust": 0.4099999999999999
    },
    "variables": 