{
  "trace_id": "6e8f13df-d3fa-4e1e-a0a5-d7bebb0eedef",
  "input": {
    "state": {
      "turn": 5,
      "sim_id": "8cb750c7-af8f-41dd-a5e3-182f02b11f66",
      "timestamp": "2025-04-30T16:19:02.336985+00:00",
      "overlays": {
        "hope": 0.44999999999999996,
        "despair": 0.44999999999999996,
        "rage": 0.44999999999999996,
        "fatigue": 0.44999999999999996,
        "trust": 0.44999999999999996
      },
      "capital": {
        "nvda": 0.0,
        "msft": 0.0,
        "ibit": 0.0,
        "spy": 0.0,
        "cash": 100000.0
      },
      "variables": {},
      "event_count": 115,
      "metadata": {}
    },
    "decay_rate": 0.01,
    "rule_fn": "<lambda>"
  },
  "output": {
    "overlays": {
      "hope": 0.44999999999999996,
      "despair": 0.44999999999999996,
      "rage": 0.44999999999999996,
      "fatigue": 0.44999999999999996,
      "trust": 0.44999999999999996
    },
    "variables": {},
    "trust": null,
    "forks": []
  }
}