{
  "trace_id": "7a555b86-7511-464d-9437-6875188a7a3d",
  "input": {
    "state": {
      "turn": 4,
      "sim_id": "2dad7aa4-1384-4980-9f7a-e8761c9232f5",
      "timestamp": "2025-04-24T23:58:10.930286",
      "overlays": {
        "hope": 0.45999999999999996,
        "despair": 0.45999999999999996,
        "rage": 0.45999999999999996,
        "fatigue": 0.45999999999999996,
        "trust": 0.45999999999999996
      },
      "capital": {
        "nvda": 0.0,
        "msft": 0.0,
        "ibit": 0.0,
        "spy": 0.0,
        "cash": 100000.0
      },
      "variables": {},
      "event_count": 92,
      "metadata": {}
    },
    "decay_rate": 0.01,
    "rule_fn": "apply_causal_rules"
  },
  "output": {
    "overlays": {
      "hope": 0.45999999999999996,
      "despair": 0.45999999999999996,
      "rage": 0.45999999999999996,
      "fatigue": 0.45999999999999996,
      "trust": 0.45999999999999996
    },
    "variables": 