{
  "trace_id": "a87dbf8c-cd23-44cb-9802-4b5690178565",
  "input": {
    "state": {
      "turn": 5,
      "sim_id": "9f9ce84a-159c-4887-bccd-8e3674d2d0a4",
      "timestamp": "2025-04-28T00:05:37.386669",
      "overlays": {
        "hope": 0.44999999999999996,
        "despair": 0.44999999999999996,
        "rage": 0.44999999999999996,
        "fatigue": 0.44999999999999996,
        "trust": 0.44999999999999996
      },
      "capital": {
        "nvda": 0.0,
        "msft": 0.0,
        "ibit": 0.0,
        "spy": 0.0,
        "cash": 100000.0
      },
      "variables": {},
      "event_count": 115,
      "metadata": {}
    },
    "decay_rate": 0.01,
    "rule_fn": "<lambda>"
  },
  "output": {
    "overlays": {
      "hope": 0.44999999999999996,
      "despair": 0.44999999999999996,
      "rage": 0.44999999999999996,
      "fatigue": 0.44999999999999996,
      "trust": 0.44999999999999996
    },
    "variables": {},
    "trust": null,
    "forks": []
  }
}