{
  "trace_id": "bd10cefb-44f3-4ac1-9a37-fcfda61136f5",
  "input": {
    "state": {
      "turn": 5,
      "sim_id": "5407620c-1a29-4b68-bc76-cb3d6be7e6ca",
      "timestamp": "2025-04-30T05:33:29.478809",
      "overlays": {
        "hope": 0.44999999999999996,
        "despair": 0.44999999999999996,
        "rage": 0.44999999999999996,
        "fatigue": 0.44999999999999996,
        "trust": 0.44999999999999996
      },
      "capital": {
        "nvda": 0.0,
        "msft": 0.0,
        "ibit": 0.0,
        "spy": 0.0,
        "cash": 100000.0
      },
      "variables": {},
      "event_count": 115,
      "metadata": {}
    },
    "decay_rate": 0.01,
    "rule_fn": "<lambda>"
  },
  "output": {
    "overlays": {
      "hope": 0.44999999999999996,
      "despair": 0.44999999999999996,
      "rage": 0.44999999999999996,
      "fatigue": 0.44999999999999996,
      "trust": 0.44999999999999996
    },
    "variables": {},
    "trust": null,
    "forks": []
  }
}