{
  "trace_id": "be2371bf-749b-4719-8daf-adbd9cbbcc69",
  "input": {
    "state": {
      "turn": 4,
      "sim_id": "14fe7bcc-14f0-4572-80b6-1cea2327863c",
      "timestamp": "2025-04-27T22:20:27.093513",
      "overlays": {
        "hope": 0.45999999999999996,
        "despair": 0.45999999999999996,
        "rage": 0.45999999999999996,
        "fatigue": 0.45999999999999996,
        "trust": 0.45999999999999996
      },
      "capital": {
        "nvda": 0.0,
        "msft": 0.0,
        "ibit": 0.0,
        "spy": 0.0,
        "cash": 100000.0
      },
      "variables": {},
      "event_count": 92,
      "metadata": {}
    },
    "decay_rate": 0.01,
    "rule_fn": "<lambda>"
  },
  "output": {
    "overlays": {
      "hope": 0.45999999999999996,
      "despair": 0.45999999999999996,
      "rage": 0.45999999999999996,
      "fatigue": 0.45999999999999996,
      "trust": 0.45999999999999996
    },
    "variables": {},
    "trust": null,
    "forks": []
  }
}