{
  "trace_id": "d3c7cb01-0252-4b1e-851d-125af6a82cfe",
  "input": {
    "state": {
      "turn": 7,
      "sim_id": "2dad7aa4-1384-4980-9f7a-e8761c9232f5",
      "timestamp": "2025-04-24T23:58:10.959351",
      "overlays": {
        "hope": 0.42999999999999994,
        "despair": 0.42999999999999994,
        "rage": 0.42999999999999994,
        "fatigue": 0.42999999999999994,
        "trust": 0.42999999999999994
      },
      "capital": {
        "nvda": 0.0,
        "msft": 0.0,
        "ibit": 0.0,
        "spy": 0.0,
        "cash": 100000.0
      },
      "variables": {},
      "event_count": 161,
      "metadata": {}
    },
    "decay_rate": 0.01,
    "rule_fn": "apply_causal_rules"
  },
  "output": {
    "overlays": {
      "hope": 0.42999999999999994,
      "despair": 0.42999999999999994,
      "rage": 0.42999999999999994,
      "fatigue": 0.42999999999999994,
      "trust": 0.42999999999999994
    },
    "variables": 