{
  "trace_id": "e87fdab2-9022-4802-b253-5a3344937640",
  "input": {
    "state": {
      "turn": 4,
      "sim_id": "b2309cd0-1288-4fae-a123-4c21e7daa896",
      "timestamp": "2025-04-27T23:42:59.192602",
      "overlays": {
        "hope": 0.45999999999999996,
        "despair": 0.45999999999999996,
        "rage": 0.45999999999999996,
        "fatigue": 0.45999999999999996,
        "trust": 0.45999999999999996
      },
      "capital": {
        "nvda": 0.0,
        "msft": 0.0,
        "ibit": 0.0,
        "spy": 0.0,
        "cash": 100000.0
      },
      "variables": {},
      "event_count": 92,
      "metadata": {}
    },
    "decay_rate": 0.01,
    "rule_fn": "<lambda>"
  },
  "output": {
    "overlays": {
      "hope": 0.45999999999999996,
      "despair": 0.45999999999999996,
      "rage": 0.45999999999999996,
      "fatigue": 0.45999999999999996,
      "trust": 0.45999999999999996
    },
    "variables": {},
    "trust": null,
    "forks": []
  }
}