{
  "trace_id": "f4c529b1-58f1-4131-9688-ca0fd8860360",
  "input": {
    "state": {
      "turn": 10,
      "sim_id": "2dad7aa4-1384-4980-9f7a-e8761c9232f5",
      "timestamp": "2025-04-24T23:58:10.991084",
      "overlays": {
        "hope": 0.3999999999999999,
        "despair": 0.3999999999999999,
        "rage": 0.3999999999999999,
        "fatigue": 0.3999999999999999,
        "trust": 0.3999999999999999
      },
      "capital": {
        "nvda": 0.0,
        "msft": 0.0,
        "ibit": 0.0,
        "spy": 0.0,
        "cash": 100000.0
      },
      "variables": {},
      "event_count": 230,
      "metadata": {}
    },
    "decay_rate": 0.01,
    "rule_fn": "apply_causal_rules"
  },
  "output": {
    "overlays": {
      "hope": 0.3999999999999999,
      "despair": 0.3999999999999999,
      "rage": 0.3999999999999999,
      "fatigue": 0.3999999999999999,
      "trust": 0.3999999999999999
    },
    "variables": 